Name,Email,Password
"Rozella Jacobs",orn.easton@crist.com,i(Cap]
"Dr. Angus Cummerata Sr.",lauretta86@schimmel.org,"BoCm2eQ+^Zl^O,=3"
"Koby Weber DVM",jackie71@hauck.net,pS+(7azM2SPw/{h58C
"Augusta Toy",icie59@sporer.net,"Q~\s2b}vi"
"Prof. Jeremie Aufderhar",zmoen@hotmail.com,ec8?!(tqZ6R
"Ahmad Flatley PhD",fhermann@hotmail.com,Y(35_#&I%aY
"Napoleon Pacocha",quinn71@willms.com,fLGSV8l<P'Y*qu+lG*+
"Prof. Zella Ritchie",doris.ratke@hotmail.com,"~RgUILW_cBPdcX_""wM?"
"Gregoria Hane",bert.schinner@hegmann.org,"u9%GH8rtO\i560;kwE"
"Jaylon Hagenes II",heidenreich.eulalia@gmail.com,"O3(""c@m<&y,*?=G]5Zx#"
"Meggie Wilkinson",gleason.wilton@bartell.info,"p63&a""6(P2TdNz3T~"
"Jamison Mertz",luettgen.billy@effertz.com,"u,R&Yqls&-cu"
"Katarina Hills",dicki.preston@quigley.com,A/D)p5f
"Dr. Owen Schimmel V",crawford.stehr@rath.com,"g(,dn`H^E:1>C|)"
"Ms. Talia Harvey V",teagan.satterfield@macejkovic.com,"v/aI-T\pL"
"Kennedi Okuneva",roberts.edison@gmail.com,f+{xSe:xb=#9g_~^U6n
"Branson Lakin IV",ahmed58@feil.net,K'E?ZS
"Daniella Bogisich",kerluke.xavier@gmail.com,?z&vFN*z.'/{Q9nSUJQ
"Marcelle Rogahn",qkovacek@yahoo.com,Xa1^YFV(Z|TjW
"Kathleen Medhurst",garry.thiel@rodriguez.biz,;fnAz=0a
"Prof. Merritt VonRueden IV",legros.leora@keebler.com,|7w'j-55D3i51x/Yug
"Charlotte Hermann",littel.kara@ebert.com,Us'<db;Yk-z~%]=
"Iva Borer",pemard@yahoo.com,"DGXK3dsv1`""Uoer"
"Glenda Collier PhD",stephan.bosco@simonis.com,"r^Sxa\KbWW"
"Marguerite Bauch",myrtis.dooley@weissnat.com,QJ8sNGrkwof|7PK
"Prof. Claude Dietrich MD",thiel.helena@yahoo.com,"Y&Uf{\|"
"Mrs. Sydnie Kuphal III",russel.jazmyn@parker.com,"Qaj+E/U$*6\g>-^wt"
"Lionel Barrows",bria.ullrich@yahoo.com,"gc,|j)&Rf"
"Hershel Botsford PhD",swolff@gmail.com,u;2#+}4aaB(
"Carlo Sawayn",rau.maximilian@gmail.com,tT#9W3gAFH
"Bridie Hahn Jr.",kaelyn.rau@ward.org,k@Y1dUxKqUpqvI79h2.
"Dillan Frami",mayer.sheila@yahoo.com,"@%BZ;""1""{h,Y<\X"
"Kyra Zboncak Jr.",tyrique46@roberts.com,Ov~l=KV&P}
"Lon Sanford",dickinson.brittany@gmail.com,@._L(qt~+
"Matteo Gorczany",crona.leonel@wuckert.com,"2\/nV_#d5W9&SK-NY"
"Prof. Florian Mertz",amohr@smith.com,",JJ0"",rMco9X^VO"
"Jamie Batz",jacklyn.kris@hegmann.com,~`{h6b
"Zane Mann",brendon.dubuque@hotmail.com,"WVwq5KA3&:""s9LtYB_f"
"Jessica Kling",donnelly.westley@yahoo.com,C#]JJv{
"Morris Armstrong",ecrona@yahoo.com,#S[hn3snl@
"Jaeden Dibbert",vena38@gmail.com,A@2MelX
"Thad Bechtelar",wilford38@durgan.com,7SO;]BOE#y5*@^P
"Kaia McCullough",gwillms@damore.biz,Q;D7GUq{l
"Andreanne Pagac DVM",tweimann@gmail.com,".2L3@:E\3"
"Dr. Dustin Lind MD",odell.schaefer@dietrich.com,"cc'?H,3}H_dg5X"
"Angus Blick II",zakary83@fritsch.org,~>fM?4uYiehwpF
"Prof. Presley Zboncak MD",alexzander46@bernhard.biz,XdOY{0J0C2W*1/$<E
"Wyatt Windler",pfannerstill.kaley@gmail.com,EX{PnO
"Adriel Becker",crunolfsson@mcdermott.net,_)@)2<U@_
"Jermaine Franecki",lubowitz.delia@ortiz.com,K@Muf%.t]:S
"Raoul Weissnat",opaucek@dicki.net,iGy~L=6fy]~
"Luisa Hahn",tzboncak@morissette.info,}TmDXpFO
"Andrew McLaughlin",kilback.maxie@morissette.com,:%uS3b
"Lew Ernser",mayert.clare@treutel.com,0g`+>[$y`$'FWenc6L%q
"Barbara Casper",toy.leffler@zboncak.biz,"dy3+gbhg*[U:`H\;"
"Donny Gislason DVM",cbraun@gmail.com,Tk!o+PSq
"Aubree Gutkowski MD",gwendolyn28@yahoo.com,.;91Y/J5
"Ms. Delphia Little",adah.rolfson@fadel.biz,"PwZ:~KEPs$,#+D[`Hb"
"Kelley Koch",xherzog@champlin.com,BV|aUVbi
"Hoyt Considine",terrill90@gmail.com,Vx~PK.H
"Korbin Labadie",wkohler@gmail.com,q@ZM{#cWA2idHn%@
"Gracie Labadie",riley13@hotmail.com,9YRf~{
"Norma Block",lonnie.vonrueden@gmail.com,"V3a8+y{,zVO"
"Easter Botsford",mavis93@yahoo.com,.IqvpN`egOUu;qg6
"Mike Glover",nitzsche.adan@yahoo.com,a(7(aV=JD8({p^u8XFm
"Coleman Paucek",noelia.rice@yahoo.com,"Eodo%aU&HPzLv#F,?!"
"Rose Reinger",shawn58@yahoo.com,+2g&]XTI
"Roberta O'Reilly IV",wolff.candido@hotmail.com,(_V`dZ
"Keven Jacobi",pollich.eugene@lebsack.com,&o2:hv{@^F6)s8oup'M]
"Cleta Boehm",jcartwright@tillman.info,"j\_.3i3n"
"Orland Botsford",pwolff@feeney.com,nl(0xQeBUY3=~H@CH;@
"Tressie Walter",umorissette@hoeger.info,q3:C57/00Z9&.)D$dPVZ
"Ms. Alysa Waelchi Jr.",nkrajcik@gmail.com,sf.Bs4k/d$n<t
"Prof. Evans Hand",rmaggio@yahoo.com,"Ft]1zXg""\:1"
"Sienna Kuhic",sauer@cruickshank.com,";dg:@DsnxlcSG{,BN(d,"
"Miss Daniella Jacobi",rex.fadel@gmail.com,;|Szpg
"Betty Erdman",dorris84@mcglynn.info,":h(shqv_/,&be;P>"
"Rosemarie Satterfield I",sframi@schuppe.com,"Df<""$La*uIGrU$G!B\Ma"
"Beverly Rohan Sr.",dorothy.gottlieb@batz.com,<jKnliU+>6x}
"Clemens Rowe",bennett.lesch@yahoo.com,@36'R=<p61wS
"Justen Rippin",weimann.vince@douglas.com,H6`E^Fzvi.U8u*bp]x
"Margarett Schaden",trunolfsdottir@pacocha.com,"""\{kH+B-<$7Xb"
"Princess Fahey",spencer.mollie@rau.info,H(g'_6sri.[l
"Flossie Barton I",klein.ulises@mohr.com,F8O69h&NW0zDB
"Dudley Grimes",joanne78@gmail.com,l}E!$sghi
"Dr. Patsy Eichmann PhD",lehner.isidro@hotmail.com,"1$l\P&6uI-U2@g8i'6'*"
"Edmund Dietrich",chris52@romaguera.org,dkj0.^M8@
"Lucy Douglas",altenwerth.camila@treutel.net,}Q^i?zs0
"Mr. Ezequiel Lemke",omante@friesen.com,Hl}zg1;DZM
"Ally Daniel",qjerde@bergstrom.com,b}r;oj4//
"Dr. Stephanie Padberg PhD",wkuhic@hackett.biz,'(N6#I+SJ7y-?
"Dr. Hank O'Connell DDS",dkessler@gmail.com,hw{:SEW;7>^Fm$!ya}@
"Ted Barton",ilowe@runolfsdottir.com,o@W/|fo>:gT@i0X5
"Haven Blanda",elenora58@gmail.com,"O,P&|CN-?'JX06Iy"
"Milo Kuhlman DDS",alverta.bergstrom@hettinger.com,?cj[&mP'mE
"Miss Zoe Ward",ubatz@stanton.com,4.fy5;6oXj
"Christy Hamill",beatty.tatyana@gmail.com,"eU~\!}AF-p"
"Prof. Mallory Wunsch DDS",june.zieme@yahoo.com,",Gn,""`L8"
"Roel Armstrong",jacobi.javier@hotmail.com,"[,qp8zy)g.v("
"Wade Koss",godfrey.batz@hotmail.com,FR7nYN3e
